Characteristic persons,Sex,Periods,Equivalised income Number of persons (x 1 000),Mean equivalised income (1 000 euro),Personal income Number of persons with income (x 1 000),Mean personal income (1 000 euro),Median development purchasing power (%),Persons economically independent (%),Persons in poverty (%)
Age: 15 to 24 years,Male,2011,"1,010.6",26.0,926.5,11.4,.,68.2,.
Age: 15 to 24 years,Male,2012,"1,013.1",25.9,921.4,11.1,-0.2,65.7,.
Age: 15 to 24 years,Male,2013,"1,012.5",26.1,915.4,10.9,0.8,63.4,.
Age: 15 to 24 years,Male,2014,"1,016.7",27.6,917.9,10.8,3.6,63.9,.
Age: 15 to 24 years,Male,2015,"1,023.6",27.4,925.0,11.0,3.9,65.2,.
Age: 15 to 24 years,Male,2016,"1,029.0",28.9,927.4,11.2,6.1,67.5,.
Age: 15 to 24 years,Male,2017,"1,037.9",30.3,938.9,11.5,3.9,69.3,.
Age: 15 to 24 years,Male,2018,"1,046.9",31.0,950.3,12.2,4.1,71.9,8.5
Age: 15 to 24 years,Male,2019,"1,054.3",34.1,959.3,12.8,5.0,73.8,7.4
Age: 15 to 24 years,Male,2020,"1,056.4",34.9,948.2,13.4,5.7,73.0,6.4
Age: 15 to 24 years,Male,2021,"1,058.3",36.6,961.2,14.1,4.8,76.5,5.7
Age: 15 to 24 years,Male,2022,"1,065.3",39.1,990.4,15.3,2.1,80.3,5.0
Age: 15 to 24 years,Male,2023,"1,076.5",45.0,"1,012.0",16.9,4.0,80.7,4.2
Age: 15 to 24 years,Male,2024*,"1,080.4",46.6,"1,016.3",18.5,6.9,78.7,4.5
Age: 15 to 24 years,Female,2011,978.3,24.3,906.6,9.8,.,61.1,.
Age: 15 to 24 years,Female,2012,978.1,24.2,902.0,9.6,-0.3,59.0,.
Age: 15 to 24 years,Female,2013,978.6,24.5,898.4,9.5,0.8,56.8,.
Age: 15 to 24 years,Female,2014,982.1,25.8,900.0,9.3,3.5,56.3,.
Age: 15 to 24 years,Female,2015,986.3,25.7,903.8,9.4,3.8,57.3,.
Age: 15 to 24 years,Female,2016,990.7,27.1,905.5,9.5,5.9,60.3,.
Age: 15 to 24 years,Female,2017,996.2,28.6,913.7,9.8,3.7,63.5,.
Age: 15 to 24 years,Female,2018,"1,005.3",29.2,924.3,10.3,3.9,67.2,8.8
Age: 15 to 24 years,Female,2019,"1,013.1",32.1,934.4,10.8,4.9,69.8,7.6
Age: 15 to 24 years,Female,2020,"1,015.9",32.9,927.3,11.3,5.7,70.1,6.5
Age: 15 to 24 years,Female,2021,"1,018.0",34.5,942.1,11.9,4.6,74.0,5.9
Age: 15 to 24 years,Female,2022,"1,027.3",36.6,967.7,12.9,2.0,78.3,5.1
Age: 15 to 24 years,Female,2023,"1,040.5",42.0,986.4,14.2,3.8,78.2,4.4
Age: 15 to 24 years,Female,2024*,"1,043.0",43.5,987.8,15.8,6.9,76.4,4.7
Age: 25 to 44 years,Male,2011,"2,167.9",26.9,"2,137.3",41.4,.,85.5,.
Age: 25 to 44 years,Male,2012,"2,143.6",26.9,"2,112.0",41.4,-0.9,84.3,.
Age: 25 to 44 years,Male,2013,"2,119.3",27.1,"2,085.1",41.4,0.0,82.9,.
Age: 25 to 44 years,Male,2014,"2,094.4",28.4,"2,059.1",41.6,2.7,82.8,.
Age: 25 to 44 years,Male,2015,"2,070.3",28.6,"2,034.7",42.1,2.2,83.3,.
Age: 25 to 44 years,Male,2016,"2,057.3",30.0,"2,022.1",42.7,4.9,84.1,.
Age: 25 to 44 years,Male,2017,"2,058.7",30.9,"2,025.5",43.4,1.6,84.7,.
Age: 25 to 44 years,Male,2018,"2,066.0",31.5,"2,032.3",44.5,1.9,85.6,7.9
Age: 25 to 44 years,Male,2019,"2,085.2",33.5,"2,050.8",45.8,2.6,86.1,6.9
Age: 25 to 44 years,Male,2020,"2,112.8",34.6,"2,078.0",46.7,4.1,84.8,5.8
Age: 25 to 44 years,Male,2021,"2,134.8",36.4,"2,098.0",48.7,2.7,85.9,5.5
Age: 25 to 44 years,Male,2022,"2,162.0",38.7,"2,129.5",51.5,0.0,87.5,4.0
Age: 25 to 44 years,Male,2023,"2,210.6",42.2,"2,171.2",54.3,1.1,87.5,3.6
Age: 25 to 44 years,Male,2024*,"2,246.6",44.4,"2,203.9",57.0,4.5,86.9,4.2
Age: 25 to 44 years,Female,2011,"2,168.9",26.3,"2,012.4",26.2,.,65.6,.
Age: 25 to 44 years,Female,2012,"2,148.4",26.3,"1,998.8",26.6,-0.8,65.5,.
Age: 25 to 44 years,Female,2013,"2,127.7",26.5,"1,978.4",27.1,-0.1,65.1,.
Age: 25 to 44 years,Female,2014,"2,104.9",27.8,"1,958.1",27.6,2.7,65.2,.
Age: 25 to 44 years,Female,2015,"2,081.8",27.9,"1,938.7",28.0,2.4,65.9,.
Age: 25 to 44 years,Female,2016,"2,066.1",29.3,"1,931.0",28.7,4.8,67.5,.
Age: 25 to 44 years,Female,2017,"2,062.5",30.2,"1,938.5",29.3,1.5,68.9,.
Age: 25 to 44 years,Female,2018,"2,065.3",30.7,"1,950.6",30.3,1.7,70.7,8.1
Age: 25 to 44 years,Female,2019,"2,080.5",32.7,"1,971.7",31.5,2.5,72.2,7.1
Age: 25 to 44 years,Female,2020,"2,102.2",33.7,"1,998.1",32.9,4.2,72.1,5.8
Age: 25 to 44 years,Female,2021,"2,119.8",35.5,"2,020.4",34.4,2.6,74.1,5.4
Age: 25 to 44 years,Female,2022,"2,142.0",37.7,"2,052.1",36.8,0.1,76.7,3.9
Age: 25 to 44 years,Female,2023,"2,194.4",41.3,"2,100.3",39.5,1.4,77.2,3.3
Age: 25 to 44 years,Female,2024*,"2,227.3",43.6,"2,130.8",42.4,4.8,77.2,3.7
Source: CBS.
